Sales_Order_Detail_ID,Sales_Order_ID,Product_ID,Order_Qty,Unit_Price_Discount,Line_Total,Modified_Date,rowguid
110562,71774,836,1,0,356.898,2008-06-01 00:00:00,e3a1994c-7a68-4ce8-96a3-77fdd3bbd730
110563,71774,822,1,0,356.898,2008-06-01 00:00:00,5c77f557-fdb6-43ba-90b9-9a7aec55ca32
110567,71776,907,1,0,63.9,2008-06-01 00:00:00,6dbfe398-d15d-425e-aa58-88178fe360e5
110616,71780,905,4,0,873.816,2008-06-01 00:00:00,377246c9-4483-48ed-a5b9-e56f005364e0
110617,71780,983,2,0,923.388,2008-06-01 00:00:00,43a54bcd-536d-4a1b-8e69-24d083507a14
110618,71780,988,6,0.4,406.7928,2008-06-01 00:00:00,12706fab-f3a2-48c6-b7c7-1ccde4081f18
110619,71780,748,2,0,1637.4,2008-06-01 00:00:00,b12f0d3b-5b4e-4f1f-b2f0-f7cde99dd826
110620,71780,990,1,0,323.994,2008-06-01 00:00:00,f117a449-039d-44b8-a4b2-b12001dacc01
110621,71780,926,1,0,149.874,2008-06-01 00:00:00,92e5052b-72d0-4c91-9a8c-42591803667e
110622,71780,743,1,0,809.76,2008-06-01 00:00:00,8bd33bed-c4f6-4d44-84fb-a7d04afcd794
110623,71780,782,4,0,5507.976,2008-06-01 00:00:00,686999fb-42e6-4d00-9a14-83ffa86833e3
110624,71780,918,2,0,316.86,2008-06-01 00:00:00,82940b03-c70b-4183-8660-6b3418908429
110625,71780,780,4,0,5567.976,2008-06-01 00:00:00,644b0cd6-b2c3-4e4d-ab43-091c2ef6c829
110626,71780,937,1,0,48.594,2008-06-01 00:00:00,7f5feb17-8ef4-4236-9f1c-15046d9638f0
110627,71780,867,6,0,251.964,2008-06-01 00:00:00,ac78838d-b503-41a5-9791-480e528f028c
110628,71780,985,1,0.4,67.7988,2008-06-01 00:00:00,2c10a282-a13d-442a-8f45-f4d6b23a7d9c
110629,71780,989,2,0,647.988,2008-06-01 00:00:00,654fb79e-70df-4b92-9832-9fa67013215b
110630,71780,991,3,0,971.982,2008-06-01 00:00:00,3d6ca7ab-055e-4536-8940-76234cc9bcde
110631,71780,992,1,0,323.994,2008-06-01 00:00:00,560feee1-dd54-4c34-abb1-4f8841d0aa41
110632,71780,993,2,0,647.988,2008-06-01 00:00:00,19570052-4023-4658-bc56-dc5c619bd00e
110633,71780,984,2,0.4,135.5976,2008-06-01 00:00:00,27562675-f8c3-4a38-bd9e-b366b83e5204
110634,71780,986,3,0.4,203.3964,2008-06-01 00:00:00,e193ce39-ef33-4969-87b1-468d2f7b48ad
110635,71780,987,3,0.4,203.3964,2008-06-01 00:00:00,e38e076f-5072-437a-a771-ada53b5ab803
110636,71780,981,2,0,923.388,2008-06-01 00:00:00,26c00b7d-6e19-4fbf-b9f1-23c2609e8893
110637,71780,982,3,0,1385.082,2008-06-01 00:00:00,6666a81b-90a1-4204-a39e-9f660ca43e5f
110638,71780,783,5,0,6884.97,2008-06-01 00:00:00,332dcf9e-dfd2-4345-9015-f4b53ac396ee
110639,71780,809,3,0,111.456,2008-06-01 00:00:00,c2b08405-a9be-4f71-906c-5d7b1e26bde4
110640,71780,810,1,0,72.162,2008-06-01 00:00:00,351a29fb-ceb1-4ca6-bb36-506d87b82a95
110641,71780,935,2,0,48.588,2008-06-01 00:00:00,1918cfd2-69e8-4593-b4d6-8677f18b8f62
110642,71780,925,1,0,149.874,2008-06-01 00:00:00,21624302-ca0f-402f-8a46-5a3fffa7d5f3
110643,71780,869,7,0,293.958,2008-06-01 00:00:00,169c75f6-a364-46e3-8ddb-033528177458
110644,71780,880,1,0,32.994,2008-06-01 00:00:00,c3fbb3ec-3ff6-4ee1-88cf-230e128815f3
110667,71782,714,3,0,89.982,2008-06-01 00:00:00,e3b48ec1-8e67-4ef8-8ee0-8898167a3598
110668,71782,956,3,0,4291.326,2008-06-01 00:00:00,8f00f4bc-cfd1-473f-9fce-191b7eb5f1ad
110669,71782,954,1,0,1430.442,2008-06-01 00:00:00,8d3b14c1-df49-4919-942c-3bb379d7be42
110670,71782,712,10,0,53.94,2008-06-01 00:00:00,a7873b73-b47e-4a06-afa4-805342a35e02
110671,71782,877,10,0,47.7,2008-06-01 00:00:00,e7cb4bbf-3e8d-4c6e-8c87-c3d5a038266b
110672,71782,996,4,0,291.576,2008-06-01 00:00:00,c4d69d25-2f3f-4978-b765-8255d489db8d
110673,71782,864,6,0,228.6,2008-06-01 00:00:00,c216d216-86cd-4e33-a713-6a97d344fa91
110674,71782,876,3,0,216,2008-06-01 00:00:00,fd409a4f-dab6-4499-81d2-07620f4aba08
110675,71782,959,4,0,1781.64,2008-06-01 00:00:00,cacd0b0c-270a-42bb-a48e-34a69248b19a
110676,71782,971,4,0,2915.64,2008-06-01 00:00:00,5edf45b8-d4fb-4714-957d-9666ea22f415
110677,71782,870,6,0,17.964,2008-06-01 00:00:00,dc88bd9d-3de5-49a7-b874-bada950ab284
110678,71782,978,1,0,445.41,2008-06-01 00:00:00,8bd27f52-34f9-498d-a838-366179f7075d
110679,71782,955,1,0,1430.442,2008-06-01 00:00:00,1d44bf7e-9c42-4ca1-afd6-e6ddf9d85bc5
110680,71782,948,1,0,63.9,2008-06-01 00:00:00,083cdd70-a4df-44fd-863a-19b03deefba4
110681,71782,994,1,0,32.394,2008-06-01 00:00:00,8ed3d829-95ad-4bed-8894-9b76d20981b9
110682,71782,970,1,0,728.91,2008-06-01 00:00:00,74e94a04-5c2b-4821-8fc7-069204b0ba4a
110683,71782,966,2,0,2860.884,2008-06-01 00:00:00,4e0a7f8e-58da-4b23-8856-980fd461cff8
110684,71782,884,4,0,129.576,2008-06-01 00:00:00,5324b298-176e-4e92-9fc6-ed0c4db55235
110685,71782,885,2,0,1204.692,2008-06-01 00:00:00,598385dd-ea19-409e-8f17-03ab651165d0
110686,71782,715,8,0,239.952,2008-06-01 00:00:00,4a23f5c7-d0c5-4703-8e42-69e9a280e9ef
110687,71782,894,3,0,218.628,2008-06-01 00:00:00,eaaae38b-fb67-4509-abbd-fbac1cae2054
110688,71782,957,1,0,1430.442,2008-06-01 00:00:00,8d36d42e-5a61-4aa0-b8b7-a83deeeb3dde
110689,71782,967,2,0,2860.884,2008-06-01 00:00:00,406724b4-4733-4372-a4ac-84f4f493aa7e
110690,71782,708,7,0,146.958,2008-06-01 00:00:00,4aa6f3da-060b-4c22-b6b5-3a29c370af8d
110691,71782,961,3,0,1336.23,2008-06-01 00:00:00,35ba4320-0ef4-46c4-8e1b-71201d1f4fc5
110692,71782,979,2,0,890.82,2008-06-01 00:00:00,bc718813-1d25-49c8-9369-4ec056c040d7
110693,71782,958,2,0,890.82,2008-06-01 00:00:00,6a61199f-48c9-4dd1-8fc1-5825a1c8c7ae
110694,71782,963,1,0,445.41,2008-06-01 00:00:00,48eada4b-b0a7-4cd4-bd00-e7b8eebbcfde
110695,71782,953,1,0,728.91,2008-06-01 00:00:00,8c2be39e-66d9-437d-8d18-233702bc27b5
110696,71782,968,2,0,2860.884,2008-06-01 00:00:00,56f9396b-53f8-4386-8f08-6feb33125913
110697,71782,951,2,0,485.988,2008-06-01 00:00:00,35d889d9-676a-4b95-a2ea-28da743c25a7
110698,71782,945,2,0,109.788,2008-06-01 00:00:00,2d3aef50-9ace-4b59-be1f-b9d709ecbde2
110699,71782,916,1,0,31.584,2008-06-01 00:00:00,20812393-5001-46eb-a7f6-69c537cbb76e
110700,71782,886,1,0,200.052,2008-06-01 00:00:00,c09d7227-b5cb-4e1f-8489-c5456c71516e
110701,71782,892,1,0,602.346,2008-06-01 00:00:00,00233509-2f29-4f6e-b84c-e1d38536d432
110702,71782,893,1,0,602.346,2008-06-01 00:00:00,df0ff5ca-b71f-49ab-852e-f4f1c934ce7a
110703,71782,881,6,0,194.364,2008-06-01 00:00:00,87172507-65ee-414f-a162-1bc35f7aff1f
110704,71782,883,4,0,129.576,2008-06-01 00:00:00,a62b4ea2-985b-4c65-91d2-94e57a3b1a50
110705,71782,859,1,0,14.694,2008-06-01 00:00:00,84402784-60d8-4a3b-b982-97661b060511
110706,71782,865,4,0,152.4,2008-06-01 00:00:00,2fde7943-7f34-42e3-a6f6-d8d8ba64103e
110707,71782,880,9,0,296.946,2008-06-01 00:00:00,bc88c745-58eb-4681-9381-68fef23d9334
110708,71782,711,6,0,125.964,2008-06-01 00:00:00,c4df556d-3a50-4e6d-ba45-4ad9c58cb4d5
110709,71782,707,3,0,62.982,2008-06-01 00:00:00,eeff1625-7749-4f51-a01d-3a9776b774f1
110710,71783,738,4,0,809.328,2008-06-01 00:00:00,6600bd56-0e8e-4708-88ad-8b81cdde0c66
110711,71783,939,6,0,223.524,2008-06-01 00:00:00,49ff2935-0b3d-4bed-91d0-454c71a2cbbe
110712,71783,793,3,0,4398.03,2008-06-01 00:00:00,a13c9fa5-a227-4d2e-b1b9-4982187edc65
110713,71783,977,4,0,1295.976,2008-06-01 00:00:00,cf2858d7-f54f-4954-a9f2-87e132352d4e
110714,71783,880,9,0,296.946,2008-06-01 00:00:00,bfbd21a7-253a-411a-9fe7-56884370529e
110715,71783,859,7,0,102.858,2008-06-01 00:00:00,9ca42575-6bd2-4063-904a-f89dcdbfa00f
110716,71783,976,25,0.1,19136.1375,2008-06-01 00:00:00,f9e75552-b9d0-4cfe-ac23-abbffa8da03b
110717,71783,714,6,0,179.964,2008-06-01 00:00:00,4003a2a8-7365-4f8b-9fef-53d14b022e42
110718,71783,877,8,0,38.16,2008-06-01 00:00:00,3650c9ac-764f-4a62-bd44-c9c302643c49
110719,71783,813,1,0,72.162,2008-06-01 00:00:00,15b9c1ad-c3de-474d-ac24-bf2062485549
110720,71783,881,6,0,194.364,2008-06-01 00:00:00,7f2dc14d-5f9b-4d50-8a47-98ea49a83ce3
110721,71783,873,6,0,8.244,2008-06-01 00:00:00,e447cabb-a2cd-4bb0-9927-a6285927baec
110722,71783,870,10,0,29.94,2008-06-01 00:00:00,93d36328-d201-49c3-981b-0082f93f305a
110723,71783,822,1,0,356.898,2008-06-01 00:00:00,710710b5-a4be-4a71-8965-b5ac0c3f8732
110724,71783,799,1,0,672.294,2008-06-01 00:00:00,bd3a6bd9-2d94-4bb2-b033-2cb2b879b666
110725,71783,858,2,0,29.388,2008-06-01 00:00:00,17d042f8-7e71-4c98-a9e8-c06c6b046b9f
110726,71783,860,9,0,132.246,2008-06-01 00:00:00,69287890-5cf2-48d4-842e-1af037e8880b
110727,71783,864,15,0.05,497.68125,2008-06-01 00:00:00,95523468-78c9-4659-a9e2-408f6139c1bc
110728,71783,938,3,0,72.882,2008-06-01 00:00:00,6a7322f6-6e11-45c2-8b9e-004714cd9716
110729,71783,883,11,0.02,337.567076,2008-06-01 00:00:00,2bc7d17c-cb36-4acd-a45e-5f6f0336a15a
110730,71783,722,6,0,1213.992,2008-06-01 00:00:00,5e9d4a6a-6848-46c3-a6ed-4f5111b94302
110731,71783,884,9,0,291.546,2008-06-01 00:00:00,443c9252-f746-4ec0-b838-2b02bee947f6
110732,71783,998,7,0,2267.958,2008-06-01 00:00:00,db5fe5ad-ea68-4d7d-9b74-647141ac43b9
110733,71783,999,5,0,1619.97,2008-06-01 00:00:00,abdb8300-ff35-45f5-b4ca-9f627024ee30
110734,71783,797,4,0,2689.176,2008-06-01 00:00:00,8f859c8b-6996-4e2d-9f0f-0dd0f8fea8db
110735,71783,798,1,0,672.294,2008-06-01 00:00:00,d27d3eb4-56c3-4877-9902-264b2a236ead
110736,71783,801,1,0,672.294,2008-06-01 00:00:00,b9e766b8-ce94-4452-bb4b-02fa8138b193
110737,71783,973,5,0,5102.97,2008-06-01 00:00:00,22203517-0010-48f1-a777-5bb735226508
110738,71783,974,13,0.02,12568.955308,2008-06-01 00:00:00,ac5c5fc9-722c-4e0e-b1ca-bcf60ca65228
110739,71783,940,4,0,194.376,2008-06-01 00:00:00,e09a8710-17cf-4e93-8d1b-89ad798e9058
110740,71783,835,3,0,1070.694,2008-06-01 00:00:00,cc30cb7e-1260-48a9-8dec-b7d95cc5533e
110741,71783,836,4,0,1427.592,2008-06-01 00:00:00,0a9a4bef-bb06-49b2-942d-c8a2cd010a84
110742,71783,838,4,0,3435.6,2008-06-01 00:00:00,32e1242c-4571-46f4-b749-fdc8224186c8
110743,71783,718,2,0,1717.8,2008-06-01 00:00:00,033a43f7-a88b-4d7c-8308-bc2ae7ec9779
110744,71783,715,17,0.05,444.036175,2008-06-01 00:00:00,b67b428a-14e3-4246-8d86-48ceec873e8b
110745,71783,716,4,0,119.976,2008-06-01 00:00:00,00c305b1-2d9c-488c-ae9d-983dcda1df06
110746,71783,875,1,0,5.394,2008-06-01 00:00:00,115cb3de-68bf-433c-934f-bf6ead607011
110747,71783,865,10,0,381,2008-06-01 00:00:00,9d1dfc31-93d5-463a-b188-6de1a93a79b1
110748,71783,712,11,0.02,56.209076,2008-06-01 00:00:00,4dc0622c-e097-4b89-8466-148fcd95e6fb
110749,71783,711,15,0.05,274.234125,2008-06-01 00:00:00,e671d916-17c3-4dd1-b086-2b08b84877e2
110750,71783,876,2,0,144,2008-06-01 00:00:00,65412ada-b387-4edf-b099-697ccf1f6cf7
110751,71783,707,10,0,209.94,2008-06-01 00:00:00,d29b2630-1485-4fde-8a3f-7c677a3cc567
110752,71783,708,11,0.02,218.771476,2008-06-01 00:00:00,71f6fbbf-3b29-4f55-abd3-3577d6786501
110753,71784,711,2,0,41.988,2008-06-01 00:00:00,d673a683-66c1-41d9-9c18-0f358e135ab7
110754,71784,885,8,0,4818.768,2008-06-01 00:00:00,701cac38-5268-4ee9-a66f-ba5e0f578743
110755,71784,954,2,0,2860.884,2008-06-01 00:00:00,0f40ef26-3a85-46a8-bbb2-a9b063aa43dd
110756,71784,870,11,0.02,31.199476,2008-06-01 00:00:00,1e115c68-5af1-41d7-86c2-66f881153c6e
110757,71784,865,8,0,304.8,2008-06-01 00:00:00,cc0c8be2-787b-4c97-a568-02facc05d55b
110758,71784,970,4,0,2915.64,2008-06-01 00:00:00,3b529926-7ae8-4805-bc73-7ba460e5f1ab
110759,71784,959,1,0,445.41,2008-06-01 00:00:00,d86eb183-494b-4be4-889d-e14a16c29c9d
110760,71784,714,9,0,269.946,2008-06-01 00:00:00,847f0227-ded8-4717-8f6f-ddaeacdd7ca0
110761,71784,712,10,0,53.94,2008-06-01 00:00:00,85648cf9-a6e2-4ddc-ab71-d77d8ca27a12
110762,71784,972,4,0,2915.64,2008-06-01 00:00:00,25e7c0f0-daea-4761-89fc-9b65caa00648
110763,71784,877,8,0,38.16,2008-06-01 00:00:00,5995a5a1-56fe-486a-8ac3-a96630355f1d
110764,71784,716,5,0,149.97,2008-06-01 00:00:00,2258c121-5aba-4d57-a8de-56a6493f4547
110765,71784,965,11,0.02,4641.46914,2008-06-01 00:00:00,4c8645bc-6da7-465a-a1b8-9795c30920e5
110766,71784,958,6,0,2672.46,2008-06-01 00:00:00,7fc16257-7d13-4b56-bcdf-8406522e5ae4
110767,71784,876,6,0,432,2008-06-01 00:00:00,b488c4c2-e995-4314-bd7f-fbeace20383e
110768,71784,899,2,0,400.104,2008-06-01 00:00:00,851a9448-2136-49cd-be6a-1e3cf23ef28a
110769,71784,858,6,0,88.164,2008-06-01 00:00:00,9bf2d259-bf1e-4f41-9f37-f56a78e26a19
110770,71784,889,4,0,2409.384,2008-06-01 00:00:00,9bb4b933-991f-4f9c-9bed-948c8023e1fb
110771,71784,962,7,0,3117.87,2008-06-01 00:00:00,99d641dd-76d5-4334-9e55-99ff78125a94
110772,71784,895,2,0,400.104,2008-06-01 00:00:00,61efc1c5-71ce-4537-9ede-723dd776a042
110773,71784,957,12,0.02,16261.264656,2008-06-01 00:00:00,2608abcf-0d68-4adc-9f2f-45b931b3417d
110774,71784,979,8,0,3563.28,2008-06-01 00:00:00,3b2dd1d1-ca84-40b0-9ee2-e8d97242760b
110775,71784,961,3,0,1336.23,2008-06-01 00:00:00,4cfcd54c-299d-491c-acaa-86f2c2dd98ef
110776,71784,963,5,0,2227.05,2008-06-01 00:00:00,16fd8cce-6d5d-4642-9d56-56d146310752
110777,71784,953,3,0,2186.73,2008-06-01 00:00:00,5645b1ba-251a-4515-aa9a-6e9e86eea4e7
110778,71784,966,4,0,5721.768,2008-06-01 00:00:00,e09d1eb7-627d-43ed-97aa-96be7fad32c3
110779,71784,967,6,0,8582.652,2008-06-01 00:00:00,0c2a84e5-a1e1-4a00-993f-19b4819afbe0
110780,71784,969,10,0,14304.42,2008-06-01 00:00:00,a8ef0789-b2da-411f-b777-da449389d319
110781,71784,955,2,0,2860.884,2008-06-01 00:00:00,e8902b25-0c11-48f1-ba14-3a18072ae4df
110782,71784,916,2,0,63.168,2008-06-01 00:00:00,deefdf0c-fa8e-40ce-ab16-41f51b043796
110783,71784,896,3,0,600.156,2008-06-01 00:00:00,ec43c98a-6838-4941-a503-3504b14fbe6b
110784,71784,900,1,0,200.052,2008-06-01 00:00:00,3dbf3836-b3a9-48ba-8241-61dea20de368
110785,71784,893,1,0,602.346,2008-06-01 00:00:00,061c861d-cada-4884-a224-4de4c00e97e5
110786,71784,715,8,0,239.952,2008-06-01 00:00:00,937fc41c-a818-473d-88b4-d5fc930230f1
110787,71784,881,6,0,194.364,2008-06-01 00:00:00,281d1c72-ec9a-4e76-93b8-f83217a26a2e
110788,71784,883,7,0,226.758,2008-06-01 00:00:00,b7b5995f-02c9-473b-bbb5-1189f87832dc
110789,71784,884,3,0,97.182,2008-06-01 00:00:00,0437f448-edf0-48ed-8a88-0743e136d2da
110790,71784,859,5,0,73.47,2008-06-01 00:00:00,c466499e-5284-4b18-9e65-6c3628788963
110791,71784,864,23,0.05,763.11125,2008-06-01 00:00:00,edb4ed91-8e46-4e5e-9195-e476b7d2ad67
110792,71784,880,9,0,296.946,2008-06-01 00:00:00,75f2181f-ad5c-4dc4-a52f-66cd7cac3f7b
110793,71784,873,8,0,10.992,2008-06-01 00:00:00,2b64ca83-b2fb-4ae5-a9ec-9ea1637317db
110794,71784,707,10,0,209.94,2008-06-01 00:00:00,b86d13fa-2545-4e15-9ab5-1162c1374a6c
110795,71784,708,12,0.02,238.659792,2008-06-01 00:00:00,21cbcfa9-6e2e-408f-aa28-ccc84fd4c60e
111018,71796,891,1,0,602.346,2008-06-01 00:00:00,dd91e489-43b3-45c6-a4ea-e4d2e650019e
111019,71796,972,8,0,5831.28,2008-06-01 00:00:00,46260489-ce09-41d8-ace1-916e300d83c7
111020,71796,953,2,0,1457.82,2008-06-01 00:00:00,c163c562-3ed8-41e3-aa66-2a78c3a7bfd0
111021,71796,916,1,0,31.584,2008-06-01 00:00:00,18849a7f-ab84-4f0d-9345-a437ad535053
111022,71796,958,5,0,2227.05,2008-06-01 00:00:00,13186b9f-42fc-487c-90fd-4ea96d113233
111023,71796,957,3,0,4291.326,2008-06-01 00:00:00,2df66e6b-21e5-43b4-a91c-57ffd3033e18
111024,71796,969,9,0,12873.978,2008-06-01 00:00:00,24d90386-e9b3-40c4-8d04-ef0e2acd30bb
111025,71796,967,2,0,2860.884,2008-06-01 00:00:00,73ff8746-1fa6-425a-99f0-3c76ed213701
111026,71796,979,3,0,1336.23,2008-06-01 00:00:00,a96adf3d-3f0e-439f-ad3c-23846c5f51ec
111027,71796,961,7,0,3117.87,2008-06-01 00:00:00,32cbb9f9-6747-4b46-89c7-176928a7b742
111028,71796,965,2,0,890.82,2008-06-01 00:00:00,4b67900d-8a1a-40d8-b654-73cfa183ac2e
111029,71796,970,1,0,728.91,2008-06-01 00:00:00,b94d54d5-1146-43f1-baaa-fd556194977c
111030,71796,954,3,0,4291.326,2008-06-01 00:00:00,c5592d27-d2a7-4687-9d43-f2f034da8e72
111031,71796,955,1,0,1430.442,2008-06-01 00:00:00,9fc48164-06e3-47e3-8455-19f316c3014e
111032,71796,947,1,0,54.942,2008-06-01 00:00:00,fdedab25-d27e-4d66-bb57-6a699846c3e9
111033,71796,899,1,0,200.052,2008-06-01 00:00:00,77b7e9b6-142a-4216-8c71-f839990f536a
111034,71796,900,1,0,200.052,2008-06-01 00:00:00,c54d207b-7ec9-4ea5-b0a7-c37c1d759b03
111035,71796,892,6,0,3614.076,2008-06-01 00:00:00,a586daf2-66e3-4eff-93ce-a869c4ec6c51
111036,71796,893,1,0,602.346,2008-06-01 00:00:00,afdfded7-2118-465c-8bb2-10a322dc37c2
111037,71796,885,2,0,1204.692,2008-06-01 00:00:00,50cafdbf-f978-4791-b376-386c2c22fa0c
111038,71797,711,4,0,83.976,2008-06-01 00:00:00,9cfabd92-779c-4893-9dd1-652291e0cd71
111039,71797,838,2,0,1717.8,2008-06-01 00:00:00,37ab902a-d1a1-421a-8af0-89d144b28efd
111040,71797,714,1,0,29.994,2008-06-01 00:00:00,4c9f3c90-9122-42a6-b423-a3f927d39235
111041,71797,940,4,0,194.376,2008-06-01 00:00:00,a0fcd9d2-e73d-4385-8711-f828c4dfcf41
111042,71797,883,16,0.05,451.3564,2008-06-01 00:00:00,143b1db9-9435-4eae-bc04-af7b1a1c273c
111043,71797,913,2,0,63.168,2008-06-01 00:00:00,11baec31-14ff-4009-b096-228a6687b44e
111044,71797,738,1,0,202.332,2008-06-01 00:00:00,dd6121fb-30e7-47ff-af1c-61b8dc690f10
111045,71797,722,3,0,606.996,2008-06-01 00:00:00,aab11dce-3367-40c1-885c-cb7e72cdfdb9
111046,71797,835,5,0,1784.49,2008-06-01 00:00:00,db72c511-bd31-4e2a-b65a-6dec0aad6aef
111047,71797,718,1,0,858.9,2008-06-01 00:00:00,093129d0-66c4-44e6-af23-45f0fbf0f1a4
111048,71797,715,4,0,119.976,2008-06-01 00:00:00,14c471c4-b9d4-41a4-a7ad-bf3e339630ad
111049,71797,716,5,0,149.97,2008-06-01 00:00:00,66fa5c4e-c414-46db-b1e4-f29c56817d59
111050,71797,884,15,0.05,423.146625,2008-06-01 00:00:00,59634b96-5836-4e10-999a-4ecf310b3b16
111051,71797,875,3,0,16.182,2008-06-01 00:00:00,37f87a70-ad19-4eed-b396-d1354ae8c08e
111052,71797,860,4,0,58.776,2008-06-01 00:00:00,c197d7fc-0cda-4544-9556-0d890655e4f5
111053,71797,712,6,0,32.364,2008-06-01 00:00:00,665b21ee-2695-4156-8375-24fdf16bad40
111054,71797,880,10,0,329.94,2008-06-01 00:00:00,0992f82c-b35c-4eb3-b1e2-9c1884a48510
111055,71797,873,6,0,8.244,2008-06-01 00:00:00,2324b995-dbf2-4792-b55d-5353428729d3
111056,71797,876,10,0,720,2008-06-01 00:00:00,ed545dab-6bf4-4564-b2dd-2d31eb0ca083
111057,71797,977,7,0,2267.958,2008-06-01 00:00:00,0c938fed-3c16-450d-8937-3b039c9ddbd3
111058,71797,798,2,0,1344.588,2008-06-01 00:00:00,663dd90e-0941-419b-8493-6bb3e829f803
111059,71797,813,2,0,144.324,2008-06-01 00:00:00,7ec7b3b1-62ea-4c3f-a287-6514be816d33
111060,71797,939,4,0,149.016,2008-06-01 00:00:00,169f98ef-1ac7-4487-bc92-c801afcf0247
111061,71797,801,2,0,1344.588,2008-06-01 00:00:00,137ea529-e91d-404d-a2d4-5edd73467162
111062,71797,998,6,0,1943.964,2008-06-01 00:00:00,7bbd426b-5571-43ac-a63b-11b9801d83b5
111063,71797,999,4,0,1295.976,2008-06-01 00:00:00,da0727fc-962e-4444-a568-42279de31654
111064,71797,938,3,0,72.882,2008-06-01 00:00:00,6bdf723f-e816-45ad-9285-5ed8e6504630
111065,71797,794,5,0,7330.05,2008-06-01 00:00:00,1359b966-f7f4-4d6c-ae6b-99b5896b49b5
111066,71797,795,2,0,2932.02,2008-06-01 00:00:00,45f214a2-543b-4211-95b1-7d2360f217b3
111067,71797,797,10,0,6722.94,2008-06-01 00:00:00,5002f031-d85d-42bf-81b0-a7784b9a66cb
111068,71797,881,8,0,259.152,2008-06-01 00:00:00,838712d7-960e-40d1-a9b7-a03a3bbd8df0
111069,71797,865,1,0,38.1,2008-06-01 00:00:00,68ff53c6-989f-4278-9d34-929348d02b54
111070,71797,864,23,0.05,763.11125,2008-06-01 00:00:00,ffe708c1-233c-40b2-8b8e-bc3ce6eea5af
111071,71797,976,9,0,9185.346,2008-06-01 00:00:00,a671b89d-bf3b-4454-b0d7-bbbd2b92af1b
111072,71797,877,17,0.05,70.615875,2008-06-01 00:00:00,923b946a-58b9-4bcd-b8ed-f4ac3e043ea5
111073,71797,793,6,0,8796.06,2008-06-01 00:00:00,74f064e2-d628-404b-9661-15623d272b00
111074,71797,974,3,0,3061.782,2008-06-01 00:00:00,fc7535c2-ac75-4926-9422-265bbb1c21b0
111075,71797,707,6,0,125.964,2008-06-01 00:00:00,5890dfc7-792b-4562-8844-ec930524778d
111076,71797,859,9,0,132.246,2008-06-01 00:00:00,43968865-c807-4590-ab6d-7207504e81f0
111077,71797,973,5,0,5102.97,2008-06-01 00:00:00,2a9a17d3-50b5-45b2-bb62-2cf686b8c523
111078,71797,870,11,0.02,31.199476,2008-06-01 00:00:00,e35d5ac3-be8e-4f38-aa41-55dfc2ffe751
111079,71797,717,2,0,1717.8,2008-06-01 00:00:00,3b938f0d-7a0f-4209-a324-371e85af3222
111080,71797,858,4,0,58.776,2008-06-01 00:00:00,fed97e43-a1ce-4aec-8c2e-14cf69aefcb8
111081,71797,836,4,0,1427.592,2008-06-01 00:00:00,2cb6ffb5-8f2c-46e2-a363-d108facaa14d
111082,71797,708,12,0.02,238.659792,2008-06-01 00:00:00,d04d7cf4-e057-42bb-9632-bbb00bb2414e
111083,71797,822,2,0,713.796,2008-06-01 00:00:00,cbe01f20-ca7e-4c94-83fc-260fc350ea2d
111451,71815,738,1,0,202.332,2008-06-01 00:00:00,810e5535-2bdb-4d83-b26d-796e5cff1a1b
111452,71815,835,2,0,713.796,2008-06-01 00:00:00,daeb0cfa-807c-46ac-8458-ffccef36b5b2
111453,71815,874,2,0,10.788,2008-06-01 00:00:00,09f90eb4-24de-4812-825e-45520602b437
111454,71816,953,1,0,728.91,2008-06-01 00:00:00,b8a9720f-1f6f-4fe1-ad4a-ac70d4c905bd
111455,71816,954,1,0,1430.442,2008-06-01 00:00:00,edc86c40-ecbd-45af-912b-ae37d177821a
111456,71816,715,2,0,59.988,2008-06-01 00:00:00,9f7406e4-25c9-431a-9891-f419e3f5253d
111457,71816,712,4,0,21.576,2008-06-01 00:00:00,ee2ce69c-24eb-47ff-ab6c-bd5aabdcd6e9
111458,71816,883,3,0,97.182,2008-06-01 00:00:00,affbb13e-55a8-4fa8-9cd7-809b1816c30d
111459,71816,961,1,0,445.41,2008-06-01 00:00:00,b4e5503b-0fd8-4f2f-8675-e899db180280
111460,71816,948,1,0,63.9,2008-06-01 00:00:00,5f4f0aa9-acc6-4ef7-ab68-17d0748a5512
111790,71831,869,2,0,83.988,2008-06-01 00:00:00,73bc96fd-863b-441c-aeea-25387c2d17ac
111791,71831,782,1,0,1376.994,2008-06-01 00:00:00,a5f59647-47b7-48fc-9000-0830e623981a
111792,71831,867,6,0,251.964,2008-06-01 00:00:00,14f64fdc-4405-47b4-965c-b4f506515e8a
111793,71832,918,4,0,633.72,2008-06-01 00:00:00,e3fec901-9b4a-4873-8c34-74ae8600eb07
111794,71832,983,3,0,1385.082,2008-06-01 00:00:00,039e1c26-d1e9-43ec-a2a9-fb0b73f1872d
111795,71832,781,2,0,2783.988,2008-06-01 00:00:00,2d9a186f-1f0e-40f1-8fa2-d459a04fbf83
111796,71832,868,1,0,41.994,2008-06-01 00:00:00,68b0a471-b668-415a-8116-b285b4936395
111797,71832,810,1,0,72.162,2008-06-01 00:00:00,e9bd1406-7ee1-4fd3-bb28-6f4b24d76218
111798,71832,980,1,0,461.694,2008-06-01 00:00:00,b68452c3-17c1-4e61-bc1e-5543de5a428b
111799,71832,925,2,0,299.748,2008-06-01 00:00:00,69af7aad-e3fb-497c-873e-f6f352ce7754
111800,71832,985,2,0.4,135.5976,2008-06-01 00:00:00,577d49d5-55b8-4d81-ad28-2ec13757cbc2
111801,71832,908,1,0,16.272,2008-06-01 00:00:00,cc96c2f6-041d-4a67-a9fb-97a3cac5852e
111802,71832,867,13,0.02,517.170108,2008-06-01 00:00:00,105f870d-f524-49cd-8f81-0ab5267abdbc
111803,71832,782,3,0,4130.982,2008-06-01 00:00:00,a0a904f3-0180-4d33-adaa-54feeb64d511
111804,71832,937,1,0,48.594,2008-06-01 00:00:00,ffae3aa6-0642-40fd-a7d1-c1e34d2df97c
111805,71832,936,1,0,37.254,2008-06-01 00:00:00,bc390cda-1143-4091-b9a4-52a6ffff0857
111806,71832,743,4,0,3239.04,2008-06-01 00:00:00,0db92279-d76a-4868-9a47-856ec58093ab
111807,71832,904,5,0,1092.27,2008-06-01 00:00:00,ecb3f9c5-98fe-412b-a24a-a8eabe5dfb0d
111808,71832,748,1,0,818.7,2008-06-01 00:00:00,1841e141-8fcb-42ea-9f66-c4e1264fa470
111809,71832,910,1,0,31.584,2008-06-01 00:00:00,db5d32d2-526d-4277-a303-5a78e328eaeb
111810,71832,784,5,0,6884.97,2008-06-01 00:00:00,93b73ee3-9095-4bce-b3b4-53fda99c86c8
111811,71832,990,2,0,647.988,2008-06-01 00:00:00,77eee4d0-5fac-4b5e-8aa6-e25e32d831ec
111812,71832,992,3,0,971.982,2008-06-01 00:00:00,2856eb25-5ae5-4795-ae0d-1c23c9d03dc5
111813,71832,984,3,0.4,203.3964,2008-06-01 00:00:00,f8d67ec8-224e-467d-b895-a784e5149611
111814,71832,779,1,0,1391.994,2008-06-01 00:00:00,a76f6c50-6117-4b58-be8e-6ebc0e39ecd1
111815,71832,780,1,0,1391.994,2008-06-01 00:00:00,478b4d27-07e7-4abe-8f61-a6d8cc51f56c
111816,71832,944,2,0,316.86,2008-06-01 00:00:00,237090d9-66b6-462b-8fa4-6cc863438eac
111817,71832,808,1,0,26.724,2008-06-01 00:00:00,591fb165-4cad-4174-9274-9c807515d84e
111818,71832,809,1,0,37.152,2008-06-01 00:00:00,7249f4a6-663a-4470-9119-5ab1de2b9da8
111819,71832,935,3,0,72.882,2008-06-01 00:00:00,40108ade-ff72-43cd-a59f-9304173ce49f
111820,71832,926,1,0,149.874,2008-06-01 00:00:00,da725a68-7da4-4fe3-b9bd-a23f655ecec0
111821,71832,917,6,0,950.58,2008-06-01 00:00:00,cfe87323-1bca-4443-b4e5-05177fd80e7d
111822,71832,920,1,0,158.43,2008-06-01 00:00:00,dcf6c95d-a0e4-4272-bff8-6b06b7f9574f
112118,71845,988,2,0.4,135.5976,2008-06-01 00:00:00,6ab3b1f6-9144-4d4e-b13e-f531320e72a8
112119,71845,948,2,0,127.8,2008-06-01 00:00:00,3a8cd181-cf26-46f3-ad02-d8889ecb8af4
112120,71845,904,4,0,873.816,2008-06-01 00:00:00,97d364ac-d0ae-48dc-a823-ba5238ba066e
112121,71845,742,3,0,2456.1,2008-06-01 00:00:00,e17b8e63-47d7-4804-98a0-6937e1954316
112122,71845,780,2,0,2783.988,2008-06-01 00:00:00,a5c1d20d-ec2b-417b-a366-722782c1540f
112123,71845,945,1,0,54.894,2008-06-01 00:00:00,2a80c324-fdd4-4866-90ed-a023aa53c48c
112124,71845,949,3,0,315.882,2008-06-01 00:00:00,a2c4eba1-132b-42ce-8916-b55ec13f343b
112125,71845,937,2,0,97.188,2008-06-01 00:00:00,19e76f92-20cf-49d6-9d54-c699f9e48ff3
112126,71845,867,2,0,83.988,2008-06-01 00:00:00,1a7ca6cf-03e6-4f90-ad08-f076f604b276
112127,71845,748,1,0,818.7,2008-06-01 00:00:00,d57d58ee-fe30-404c-982a-577c3a2ea7f1
112128,71845,905,2,0,436.908,2008-06-01 00:00:00,4ac896fa-31bf-46dc-9ded-56652060e36a
112129,71845,781,2,0,2783.988,2008-06-01 00:00:00,533d7438-e8be-4b48-aea9-7148179f1db8
112130,71845,869,3,0,125.982,2008-06-01 00:00:00,69dc8ddc-05b1-48c8-ad7d-c9ce63db81a0
112131,71845,783,5,0,6884.97,2008-06-01 00:00:00,70180211-6c38-4bb5-9317-a5784a1410b2
112132,71845,784,2,0,2753.988,2008-06-01 00:00:00,a2674906-53b9-4fe6-bc74-10946e47f110
112133,71845,951,1,0,242.994,2008-06-01 00:00:00,a1d9629f-cdbe-4122-bcd8-f3190d8bbf26
112134,71845,747,3,0,2429.28,2008-06-01 00:00:00,a5b7a860-b0d0-4b1e-9a06-084fb278b0a6
112135,71845,809,1,0,37.152,2008-06-01 00:00:00,cb494781-2ef4-4bda-8eff-27132eb102c4
112136,71845,920,2,0,316.86,2008-06-01 00:00:00,08a04e11-cda0-4d3e-8675-514a0097cd65
112137,71845,743,2,0,1619.52,2008-06-01 00:00:00,7ace9864-8050-4552-82d1-751c489b18ed
112138,71845,715,2,0,59.988,2008-06-01 00:00:00,d9a12019-84e7-4907-bf8e-73bc352e490f
112139,71845,944,2,0,316.86,2008-06-01 00:00:00,af14ab19-019b-44ba-ad76-248ee2a086b3
112140,71845,808,1,0,26.724,2008-06-01 00:00:00,70ebcded-684d-4bc9-86f9-94cae06b9d28
112141,71845,909,8,0,187.872,2008-06-01 00:00:00,46a1c88a-cf3a-45ef-b6ce-8bd817e1553b
112142,71845,925,2,0,299.748,2008-06-01 00:00:00,4fc2f213-b5f0-4acf-8948-209292a52dc9
112143,71845,782,2,0,2753.988,2008-06-01 00:00:00,d7fc6800-1702-4636-a46a-e207ad934c43
112144,71845,910,2,0,63.168,2008-06-01 00:00:00,74988939-9b08-48b6-89bc-b2baf823d33a
112145,71845,996,3,0,218.682,2008-06-01 00:00:00,b26b5113-f4e3-4099-bea0-1b92f27b1ab6
112146,71845,779,3,0,4175.982,2008-06-01 00:00:00,11398c15-e0dc-41a1-8e2f-6b2a230aa639
112147,71845,924,4,0,599.496,2008-06-01 00:00:00,dc8a797c-44e2-435f-836d-349b93107d43
112148,71845,952,3,0,36.432,2008-06-01 00:00:00,fe78c429-1237-4b76-b709-88abe25c9f21
112149,71846,936,2,0,74.508,2008-06-01 00:00:00,7232fd67-8db7-42f8-ad0d-6185299430f1
112150,71846,739,1,0,818.7,2008-06-01 00:00:00,9a32772b-9b98-4b22-aa2b-f4e5ffd2a23e
112151,71846,984,1,0.4,67.7988,2008-06-01 00:00:00,78557d82-1267-4f7c-93a7-e53ae2a3a85c
112152,71846,981,2,0,923.388,2008-06-01 00:00:00,3a26f840-c413-4bef-aeff-b8d6218698e6
112331,71856,962,1,0,445.41,2008-06-01 00:00:00,62b3d72f-3586-40ac-a24e-a6f07eb7ca4a
112332,71856,945,1,0,54.894,2008-06-01 00:00:00,4733918f-da34-4d30-b5b4-32f7537e609d
112359,71858,979,3,0,1336.23,2008-06-01 00:00:00,d480d98b-7a82-4f10-83cc-1eea54303ecf
112360,71858,962,1,0,445.41,2008-06-01 00:00:00,f13adc78-c384-40e9-9456-277a736625a8
112361,71858,953,1,0,728.91,2008-06-01 00:00:00,6781a019-346f-4f87-a8a3-4727a2528b2e
112362,71858,715,2,0,59.988,2008-06-01 00:00:00,00aaea22-fcc5-4df2-9b2b-7b4be5231d7f
112363,71858,883,2,0,64.788,2008-06-01 00:00:00,462bc7d6-8cc7-4713-931c-7690019ab694
112364,71858,957,1,0,1430.442,2008-06-01 00:00:00,f3e626bc-a6ab-431e-aa58-e208d07039a5
112365,71858,965,2,0,890.82,2008-06-01 00:00:00,835734ab-162b-40fe-84f2-8510c9a68a36
112366,71858,952,1,0,12.144,2008-06-01 00:00:00,e7efba7e-f973-492f-bb76-ca5f185c629f
112367,71858,948,2,0,127.8,2008-06-01 00:00:00,48a6ceb9-c22b-4574-b9d4-088edbf955c2
112368,71858,945,1,0,54.894,2008-06-01 00:00:00,0ca930d8-078d-478a-b94d-d5f15bb07d02
112369,71858,972,1,0,728.91,2008-06-01 00:00:00,efe61dff-2006-4ef0-b71e-7ff264555666
112370,71858,877,1,0,4.77,2008-06-01 00:00:00,61372f55-e0c1-48b6-9ffa-a19294b96fa9
112371,71858,958,1,0,445.41,2008-06-01 00:00:00,8ad90b76-e54d-43c5-ab86-cf3ada30699a
112372,71858,969,1,0,1430.442,2008-06-01 00:00:00,7390968a-51ba-4ef1-810a-4fc528c299ad
112373,71858,961,2,0,890.82,2008-06-01 00:00:00,e6d7d002-c0b4-4d61-bc20-37b76f5d2100
112374,71858,966,2,0,2860.884,2008-06-01 00:00:00,f6278ac8-8905-4b81-af98-ab13b53438e9
112375,71858,712,3,0,16.182,2008-06-01 00:00:00,1dc5a90d-b949-464d-9615-59a31fc99d43
112391,71863,875,11,0.02,56.209076,2008-06-01 00:00:00,a5b6a9c0-d946-41b4-b8b5-5833708e40f1
112392,71863,874,2,0,10.788,2008-06-01 00:00:00,54c630c8-28ff-4680-8a71-177af05289de
112393,71863,998,2,0,647.988,2008-06-01 00:00:00,6cd9cd06-abdc-4702-a2d8-31158afffae0
112394,71863,973,1,0,1020.594,2008-06-01 00:00:00,e70f8c24-1bae-40c7-ac9e-0f344d73fbe4
112395,71863,711,1,0,20.994,2008-06-01 00:00:00,78a6e36f-c8a7-42d7-bb3d-d0228bd380dc
112396,71863,999,3,0,971.982,2008-06-01 00:00:00,d9cc6a31-7cff-485f-bb62-c92efa59fd7c
112397,71863,938,2,0,48.588,2008-06-01 00:00:00,d64f8fc1-4c97-496d-927a-ee63e3267041
112452,71867,717,1,0,858.9,2008-06-01 00:00:00,4a001055-b1f1-414c-88b0-b583daca838b
112644,71885,876,3,0,216,2008-06-01 00:00:00,a2577a76-e272-49e3-b195-ad8492ddf924
112645,71885,884,6,0,194.364,2008-06-01 00:00:00,5699d8a7-525e-491e-81bc-4bac286ead6a
112646,71885,864,3,0,114.3,2008-06-01 00:00:00,d4f591cf-eade-4964-b9d7-e6a9332b0fbb
112864,71895,909,2,0,46.968,2008-06-01 00:00:00,03821b63-8b09-40b2-9cde-57f250734682
112865,71895,715,2,0,59.988,2008-06-01 00:00:00,960a75ef-4ae1-4772-b472-19f4202b30fa
112866,71895,864,3,0,114.3,2008-06-01 00:00:00,61ab1ae2-6d87-494b-b89a-76067578eab8
112898,71897,966,1,0,1430.442,2008-06-01 00:00:00,a101cf4e-eb6f-43bd-b4b2-9dfe8288929e
112899,71897,979,4,0,1781.64,2008-06-01 00:00:00,3ccc87c5-a8af-4b86-8189-fa484fb0b534
112900,71897,969,3,0,4291.326,2008-06-01 00:00:00,5178aa61-aca4-4def-99ac-ef614bb5d5ea
112901,71897,884,3,0,97.182,2008-06-01 00:00:00,0e449034-3815-4952-b7ab-8883687e5e3b
112902,71897,712,4,0,21.576,2008-06-01 00:00:00,0a3dff58-2da3-4430-a1d9-b8592db22b5b
112903,71897,954,2,0,2860.884,2008-06-01 00:00:00,aad85fb3-9f73-4531-bd84-5449266d0909
112904,71897,864,1,0,38.1,2008-06-01 00:00:00,ece19cf9-7e88-4ac8-88e4-7b47f2ec1a77
112905,71897,948,1,0,63.9,2008-06-01 00:00:00,065a6eb9-8a87-41f7-8abe-30fdf5e08e87
112906,71898,969,3,0,4291.326,2008-06-01 00:00:00,f4048a1b-c520-4a15-9c05-efbf4253f7ee
112907,71898,978,4,0,1781.64,2008-06-01 00:00:00,1ae7fccb-b9aa-4a2c-a199-7d6d61a7db47
112908,71898,996,4,0,291.576,2008-06-01 00:00:00,3d7660f5-b76f-4e68-8508-bf84b9c26317
112909,71898,967,6,0,8582.652,2008-06-01 00:00:00,f97bc897-377f-465a-a3db-31d360e360ef
112910,71898,970,3,0,2186.73,2008-06-01 00:00:00,4778038a-7634-44ff-9d24-91b1e4b50a4c
112911,71898,956,1,0,1430.442,2008-06-01 00:00:00,785694cc-4d93-4afb-97db-d67c4a9a344a
112912,71898,960,3,0,1336.23,2008-06-01 00:00:00,d63e1c95-390b-4bd3-ac1d-08d434ae4b59
112913,71898,994,3,0,97.182,2008-06-01 00:00:00,6338d54e-5983-4139-a3b4-6cce783b99f8
112914,71898,959,1,0,445.41,2008-06-01 00:00:00,bb18183b-5006-4fea-ad25-5f61f936e8c7
112915,71898,968,4,0,5721.768,2008-06-01 00:00:00,ddd89c33-48a8-402e-98e3-d1672fa1ab15
112916,71898,966,3,0,4291.326,2008-06-01 00:00:00,4791d9df-bfe6-46ff-8d6c-9af903b3d391
112917,71898,972,5,0,3644.55,2008-06-01 00:00:00,905add5b-c258-4a0d-afab-cbdfba6b25f1
112918,71898,949,4,0,421.176,2008-06-01 00:00:00,eb88f353-60bc-4f70-b7b6-aed5a2c39764
112919,71898,958,1,0,445.41,2008-06-01 00:00:00,b596f5b6-b07f-4aa3-943f-528436bdebd0
112920,71898,945,3,0,164.682,2008-06-01 00:00:00,198a573c-b3e4-4cf5-bfa1-309bae00d735
112921,71898,971,5,0,3644.55,2008-06-01 00:00:00,c28a061d-3e89-487a-99ae-17be169c6ad3
112922,71898,953,2,0,1457.82,2008-06-01 00:00:00,84d31325-130d-47c0-8958-5310eb85f518
112923,71898,889,1,0,602.346,2008-06-01 00:00:00,5ca4f84a-bafe-485c-b7ad-897f741f76ce
112924,71898,955,1,0,1430.442,2008-06-01 00:00:00,0a7c971a-d30f-4743-b2ca-5ad8daabbf1b
112925,71898,964,3,0,1336.23,2008-06-01 00:00:00,dad93612-0446-4393-8981-36f6e1cc2e8a
112926,71898,916,3,0,94.752,2008-06-01 00:00:00,fbcd9efd-97ac-4a2e-8e37-8956519eadb9
112927,71898,948,1,0,63.9,2008-06-01 00:00:00,8e3024f1-3732-4121-91e6-69e69057dca9
112928,71898,979,3,0,1336.23,2008-06-01 00:00:00,99fadf0a-60b8-4f2f-b3a7-16bbd2435796
112929,71898,951,3,0,728.982,2008-06-01 00:00:00,edaafadd-1974-4013-953c-ffa991f8ad06
112930,71898,954,3,0,4291.326,2008-06-01 00:00:00,b2eb253f-ed64-4f38-85dc-11f8ca18867a
112931,71898,952,1,0,12.144,2008-06-01 00:00:00,a1f83341-9d19-4fe6-bc71-f7f717f92d2b
112932,71898,965,5,0,2227.05,2008-06-01 00:00:00,3c97f6bd-91ec-4c84-9636-e088b415ee51
112933,71898,961,2,0,890.82,2008-06-01 00:00:00,e11cf974-4dcc-4a5c-98c3-2de92dd2a15d
112934,71899,881,2,0,64.788,2008-06-01 00:00:00,f36b652a-e1da-4cc2-accc-25ade6f5b44c
112935,71899,988,1,0.4,67.7988,2008-06-01 00:00:00,5093928d-08c4-44ea-bcc2-8e392c652d5c
112936,71899,981,1,0,461.694,2008-06-01 00:00:00,95e3c4a3-c37b-48f7-a362-79a42c4c5ab9
112937,71899,743,1,0,809.76,2008-06-01 00:00:00,720691a3-f983-4c72-bca1-baabf1d24914
112938,71899,808,1,0,26.724,2008-06-01 00:00:00,d88cc408-801c-4e08-b2d2-5bad00178f10
112939,71899,714,2,0,59.988,2008-06-01 00:00:00,8ec0cd34-88bf-48cb-adbe-511d82315647
112940,71899,944,2,0,316.86,2008-06-01 00:00:00,6779a375-6da6-40b0-b740-31c9a0974c98
112941,71899,937,1,0,48.594,2008-06-01 00:00:00,69efdbde-3ed6-4654-b6c8-0ebfe4070b08
112953,71902,780,5,0,6959.97,2008-06-01 00:00:00,d87846f2-7f8a-4873-b957-b0cf08ab7b42
112954,71902,981,2,0,923.388,2008-06-01 00:00:00,e166159a-d1c1-448e-a5b1-cdfb19a39c2e
112955,71902,904,1,0,218.454,2008-06-01 00:00:00,17a34bcb-5542-4f94-b709-3a20e6e2d811
112956,71902,987,1,0.4,67.7988,2008-06-01 00:00:00,0fee9397-5db3-46aa-ae1b-4ab85321f56a
112957,71902,783,7,0,9638.958,2008-06-01 00:00:00,bfde6ff0-e6fd-488a-aa78-c06c85686878
112958,71902,781,5,0,6959.97,2008-06-01 00:00:00,912c572f-808f-4328-9b19-e9970d4cd78a
112959,71902,859,2,0,29.388,2008-06-01 00:00:00,460d0ea3-c6b0-40f4-bc16-88df7913f56f
112960,71902,869,7,0,293.958,2008-06-01 00:00:00,9054e260-b941-47a7-8fc9-a59e4e5ce74f
112961,71902,908,2,0,32.544,2008-06-01 00:00:00,06f6b747-fd45-4d42-90f5-333489c3189f
112962,71902,712,3,0,16.182,2008-06-01 00:00:00,f1f4a541-e3ad-4c02-abb8-a630b1176002
112963,71902,925,1,0,149.874,2008-06-01 00:00:00,7e476de8-d4b9-4f25-9107-9629c5d3bc15
112964,71902,937,2,0,97.188,2008-06-01 00:00:00,0ab7ddca-db76-4a1e-9aca-4509a63ecfea
112965,71902,992,3,0,971.982,2008-06-01 00:00:00,775b1bd0-00b8-45a6-a16b-a26438868755
112966,71902,980,3,0,1385.082,2008-06-01 00:00:00,f146012f-1385-4bab-94aa-87c0b98ce494
112967,71902,715,3,0,89.982,2008-06-01 00:00:00,47433aff-c5a3-48d5-a7d5-5bf6d4d3010a
112968,71902,935,4,0,97.176,2008-06-01 00:00:00,94ece99c-0a6d-4a2e-bddd-4468841e754b
112969,71902,989,1,0,323.994,2008-06-01 00:00:00,bd01d5a2-1626-4bd4-9b62-ce1c96603731
112970,71902,984,4,0.4,271.1952,2008-06-01 00:00:00,163c96ab-42c9-411c-b8c5-58900e75a3e7
112971,71902,982,2,0,923.388,2008-06-01 00:00:00,c5db243b-4b7e-4b4c-9d31-0d0cfd9472db
112972,71902,782,8,0,11015.952,2008-06-01 00:00:00,0a47c60c-01b1-4354-8f74-1449929dd118
112973,71902,784,2,0,2753.988,2008-06-01 00:00:00,6f70d41d-8cbf-4364-833c-77c0b7014246
112974,71902,810,1,0,72.162,2008-06-01 00:00:00,79f49a8f-7f7b-459c-b8cb-3331e83803a9
112975,71902,926,1,0,149.874,2008-06-01 00:00:00,f2064e41-044a-4a42-9342-fb45be83eb88
112976,71902,714,3,0,89.982,2008-06-01 00:00:00,89639f66-7bc7-456d-bdf5-0dbb55bd5a20
112977,71902,870,7,0,20.958,2008-06-01 00:00:00,3730d783-97d7-4e3d-8b70-1f0159565d4d
112978,71902,876,4,0,288,2008-06-01 00:00:00,7c17713b-9924-4aee-8f84-bee799fd4722
112979,71902,877,5,0,23.85,2008-06-01 00:00:00,8d6e8186-184b-4db1-81f7-57433979c931
112980,71902,707,2,0,41.988,2008-06-01 00:00:00,212b53d0-3779-4fe6-b886-8dda35e8c81a
112981,71902,993,1,0,323.994,2008-06-01 00:00:00,252017a4-e2c0-4e3e-a6ad-abdfd8de5108
112982,71902,864,6,0,228.6,2008-06-01 00:00:00,5237ea9e-09f6-4b3b-9ed2-dc7d42149a5a
112983,71902,867,7,0,293.958,2008-06-01 00:00:00,64242be0-a1c4-473d-b34b-e2b9d8db3a8b
112984,71902,809,2,0,74.304,2008-06-01 00:00:00,ef76f770-c6fc-4417-b84b-27f3ebd55265
112985,71902,988,3,0.4,203.3964,2008-06-01 00:00:00,09e7a695-3260-483e-91f8-a980441b9dd6
112986,71902,880,5,0,164.97,2008-06-01 00:00:00,50d440ae-4e4a-469a-be69-95e238392b28
112987,71902,936,1,0,37.254,2008-06-01 00:00:00,f98582c9-3c42-4ad1-8d30-b99fcac7eb20
112988,71902,708,4,0,83.976,2008-06-01 00:00:00,d1304741-d1cb-4594-ae1a-9e794699e447
112989,71902,779,3,0,4175.982,2008-06-01 00:00:00,ec3b8e1a-b21e-4c5d-a63f-7a5ed4305fca
112990,71902,991,2,0,647.988,2008-06-01 00:00:00,7a5def9c-3416-4403-8a59-459e054d73fc
112991,71902,883,5,0,161.97,2008-06-01 00:00:00,5c7825f8-aa47-4c4d-8967-2ce6c0dbf848
112992,71902,910,1,0,31.584,2008-06-01 00:00:00,5dcce359-9296-4e50-88ed-0fb20f7c39bb
112993,71902,881,2,0,64.788,2008-06-01 00:00:00,7add4116-51d9-4742-8dad-c298e3ecc1ea
112994,71902,985,5,0.4,338.994,2008-06-01 00:00:00,a4bb8550-9d18-4837-9944-92df955382b8
112995,71902,711,7,0,146.958,2008-06-01 00:00:00,4b4f24a7-6007-497d-8026-3325412855ff
112996,71902,986,1,0.4,67.7988,2008-06-01 00:00:00,a86e4946-b7db-4577-a236-9200fbfdb473
112997,71902,748,7,0,5730.9,2008-06-01 00:00:00,f4876c84-dfc4-4405-8d02-9e2645cecd05
112998,71902,884,5,0,161.97,2008-06-01 00:00:00,2bc75480-60da-4e31-b776-f7bbef432c16
112999,71902,918,2,0,316.86,2008-06-01 00:00:00,a4701e96-2541-4a35-902f-f241f9d79c9d
113000,71902,905,3,0,655.362,2008-06-01 00:00:00,3adaf197-93f2-433b-bc8a-35fa25fe4172
113001,71902,983,4,0,1846.776,2008-06-01 00:00:00,c58fd8f6-fcbc-4a9a-8919-858db6709ce3
113002,71902,865,6,0,228.6,2008-06-01 00:00:00,da8f6556-76de-42ad-8a9a-9664b87b3078
113089,71915,836,3,0,1070.694,2008-06-01 00:00:00,aa3c697d-653d-4d79-b824-b92672fe8b9e
113090,71915,738,2,0,404.664,2008-06-01 00:00:00,c3888abc-6c37-44f8-95c2-c014f4a8b999
113091,71915,938,4,0,97.176,2008-06-01 00:00:00,8176abde-ba97-4615-975b-e8fe6287c1d4
113092,71915,939,3,0,111.762,2008-06-01 00:00:00,f36a30a7-8d42-456c-b69f-9886545954d9
113093,71915,940,1,0,48.594,2008-06-01 00:00:00,d97c6ced-940a-4a42-a65d-6c6f5397eebf
113100,71917,875,7,0,37.758,2008-06-01 00:00:00,4bb98b71-6294-41e4-9413-d9dde375ca5d
113139,71920,973,1,0,1020.594,2008-06-01 00:00:00,ded76307-d4f3-404f-96fe-43087f1deb35
113140,71920,938,3,0,72.882,2008-06-01 00:00:00,1da9ef0c-f53b-41b9-bce5-f5b6a379a141
113141,71920,976,1,0,1020.594,2008-06-01 00:00:00,5b5eaf22-87a1-430f-90ba-ee722d285694
113142,71920,884,7,0,226.758,2008-06-01 00:00:00,8a1d6fad-637b-4088-81bd-4f8e3e8baf16
113143,71920,864,3,0,114.3,2008-06-01 00:00:00,dc08d140-4146-4137-a2fd-950f9e783a1b
113144,71920,876,1,0,72,2008-06-01 00:00:00,988e64d9-7db3-4613-a379-caba1ef8f752
113152,71923,870,1,0,2.994,2008-06-01 00:00:00,ef4f992e-9fd3-4f31-a5a8-e3846de82290
113153,71923,874,4,0,21.576,2008-06-01 00:00:00,dbd6974d-a99b-42aa-8ec0-9cdff8657aa7
113154,71923,875,14,0.02,71.538824,2008-06-01 00:00:00,c13bedec-b48c-4fc6-ad8e-4c6689eedb48
113219,71935,874,3,0,16.182,2008-06-01 00:00:00,040cb9c0-2438-471e-8749-82adad28b256
113220,71935,938,1,0,24.294,2008-06-01 00:00:00,4e1898ff-672d-4a55-b3c0-ce524b17364c
113221,71935,973,3,0,3061.782,2008-06-01 00:00:00,feba8a52-dd90-4986-aade-45da31521226
113222,71935,976,2,0,2041.188,2008-06-01 00:00:00,22cdfaf4-d15d-4301-8066-5fa1abfcf987
113223,71935,998,1,0,323.994,2008-06-01 00:00:00,a6e8d782-457a-413e-8ed9-ed74f8353cd9
113224,71935,875,13,0.02,66.428908,2008-06-01 00:00:00,3c4e9e2d-f15f-4d2a-8155-ab8c21b4f540
113225,71936,944,3,0,475.29,2008-06-01 00:00:00,4db061b0-ede3-420b-b998-acd51e94646a
113226,71936,985,4,0.4,271.1952,2008-06-01 00:00:00,6df0630c-72a7-4313-b23c-7cd5b7b9e2b2
113227,71936,996,4,0,291.576,2008-06-01 00:00:00,59cdb581-d059-4e2f-80b2-4fa82fd61bd5
113228,71936,707,1,0,20.994,2008-06-01 00:00:00,b1a85c0f-2891-4412-b866-dad7f0b35796
113229,71936,926,1,0,149.874,2008-06-01 00:00:00,b9961e3a-66a8-466f-941b-14a6858e1eb3
113230,71936,808,4,0,106.896,2008-06-01 00:00:00,67eb5e24-9231-4656-b19d-27998d6d707d
113231,71936,992,5,0,1619.97,2008-06-01 00:00:00,b8acc9dc-2442-429c-b523-34ca3453e3b8
113232,71936,951,6,0,1457.964,2008-06-01 00:00:00,0b908c0c-dbee-485a-b45b-52e3d0f789f2
113233,71936,780,3,0,4175.982,2008-06-01 00:00:00,afcdc337-6775-486c-bd57-2e2729931857
113234,71936,905,2,0,436.908,2008-06-01 00:00:00,49fb0e07-067c-4426-9718-90b4de97bba1
113235,71936,747,4,0,3239.04,2008-06-01 00:00:00,c0ae4496-d051-4f21-80ef-141af9cfa5eb
113236,71936,867,14,0.02,556.952424,2008-06-01 00:00:00,59bea0ec-82e3-4e0a-b1a6-5b9a3c1a6fde
113237,71936,935,3,0,72.882,2008-06-01 00:00:00,88d401b9-71d2-42d0-abd2-0b2e9fd92a05
113238,71936,945,5,0,274.47,2008-06-01 00:00:00,3ced642f-ce77-4dce-9f38-3babc74761e1
113239,71936,924,5,0,749.37,2008-06-01 00:00:00,d4ee51cf-e27f-435f-ae5b-2cd7b7dd49ae
113240,71936,783,10,0,13769.94,2008-06-01 00:00:00,e30ea1fb-b08d-43bb-9a15-b6986843b5b4
113241,71936,784,5,0,6884.97,2008-06-01 00:00:00,f238261c-b9d4-40e7-9c98-759e95356eb5
113242,71936,748,5,0,4093.5,2008-06-01 00:00:00,67605e69-ca8e-4471-a9ef-5d673b823919
113243,71936,981,2,0,923.388,2008-06-01 00:00:00,8dcc225d-27e8-4bf1-9a51-af1a25c6eb7c
113244,71936,894,5,0,364.38,2008-06-01 00:00:00,174a0011-0cd4-44ce-952b-cea83042a4c9
113245,71936,779,4,0,5567.976,2008-06-01 00:00:00,4ac5ad5e-e0f0-4a70-ae6b-ce200178e737
113246,71936,782,8,0,11015.952,2008-06-01 00:00:00,f8d766df-bf52-4035-9471-a530c2b56417
113247,71936,869,8,0,335.952,2008-06-01 00:00:00,7c317b19-9d14-4b2f-99d5-21870e899106
113248,71936,952,3,0,36.432,2008-06-01 00:00:00,12e5ac5b-c887-46e6-8b09-e09203100879
113249,71936,949,3,0,315.882,2008-06-01 00:00:00,07e3f54b-ae6b-4384-8f47-dbe2c153bdc0
113250,71936,937,5,0,242.97,2008-06-01 00:00:00,3fda5638-56ea-411a-a131-01cf7ac0d771
113251,71936,910,3,0,94.752,2008-06-01 00:00:00,b5ed275f-49ed-4f4b-b3a7-48b9cf8dd9be
113252,71936,917,2,0,316.86,2008-06-01 00:00:00,8b718b1f-ae37-4d80-b1fb-afefa0fff6e1
113253,71936,994,3,0,97.182,2008-06-01 00:00:00,9a169c16-6718-472b-9b8e-f08287ade9b1
113254,71936,984,1,0.4,67.7988,2008-06-01 00:00:00,7d17325c-f7f4-4c3b-af45-3759e79be956
113255,71936,860,6,0,88.164,2008-06-01 00:00:00,104e28ad-a3bc-4dac-ae92-b5a5dd122cf9
113256,71936,948,4,0,255.6,2008-06-01 00:00:00,409bc176-624a-4b03-b400-6a781a689213
113257,71936,925,6,0,899.244,2008-06-01 00:00:00,f186ec8c-c220-45f5-b2f1-a71f776de245
113258,71936,908,3,0,48.816,2008-06-01 00:00:00,1e23a432-f5bb-43a0-ac92-2b1e7c950a72
113259,71936,918,1,0,158.43,2008-06-01 00:00:00,d974fa30-9e36-45f9-9985-1a1105ca87cd
113260,71936,743,4,0,3239.04,2008-06-01 00:00:00,60c0ecc9-3f6c-4c08-8dc5-c45a07ddb50f
113261,71936,739,5,0,4093.5,2008-06-01 00:00:00,e8e72212-63b5-4456-882c-efa2560c655c
113262,71936,987,2,0.4,135.5976,2008-06-01 00:00:00,86838275-4711-435c-8ef9-9fe4924b47d9
113263,71936,809,5,0,185.76,2008-06-01 00:00:00,35578b52-dddb-44c6-917c-a9ef90bd8a71
113264,71936,904,2,0,436.908,2008-06-01 00:00:00,2000d44e-0e7c-4fba-96d9-55d18727db36
113265,71936,781,4,0,5567.976,2008-06-01 00:00:00,0415bef2-9bab-4e5c-9969-c2732d00934a
113266,71936,868,4,0,167.976,2008-06-01 00:00:00,e0f7dc39-cc81-4772-ba44-73b5ed6ef339
113267,71936,988,5,0.4,338.994,2008-06-01 00:00:00,fb4c7e71-f938-4724-ab4a-6a35ccdf8cae
113268,71936,742,7,0,5730.9,2008-06-01 00:00:00,f0ba94e6-f0b3-4a55-9091-60c797950ff1
113269,71936,936,2,0,74.508,2008-06-01 00:00:00,059cdc00-5c89-4d66-b7bb-e20a777da63a
113270,71936,909,6,0,140.904,2008-06-01 00:00:00,505672c0-9af6-4b59-a1c1-8f38198306bf
113274,71938,973,5,0,5102.97,2008-06-01 00:00:00,74d8a174-0fba-421b-abe3-b54c728a1a95
113275,71938,876,3,0,216,2008-06-01 00:00:00,ac17eb2e-c4b8-44ba-9799-6f814c84e400
113276,71938,835,2,0,713.796,2008-06-01 00:00:00,7d738f6b-9825-4fd3-9d21-f703cbced4f4
113277,71938,974,3,0,3061.782,2008-06-01 00:00:00,9b9a0c77-1b13-4411-9dd0-26027faeb98c
113278,71938,707,3,0,62.982,2008-06-01 00:00:00,e000afd3-ccd5-43e8-a10f-b29ec9caeaed
113279,71938,813,1,0,72.162,2008-06-01 00:00:00,9d987e75-e96d-4903-be36-0ce579a6f47b
113280,71938,938,5,0,121.47,2008-06-01 00:00:00,5a1caeaf-6394-432d-906f-b0826d629c65
113281,71938,884,5,0,161.97,2008-06-01 00:00:00,eadb5fc1-5744-4a62-825c-406b7f8720a3
113282,71938,711,3,0,62.982,2008-06-01 00:00:00,c01d83f5-cf9a-42e6-967c-d6ecc3a59b49
113283,71938,712,1,0,5.394,2008-06-01 00:00:00,23a06d81-fc31-45f6-a969-a224fce4f713
113284,71938,940,5,0,242.97,2008-06-01 00:00:00,d9d2a6ad-347a-4c99-85a0-f6f037a3a683
113285,71938,792,3,0,4398.03,2008-06-01 00:00:00,375a2df5-72c6-44cd-8789-30eebf0e5b86
113286,71938,976,5,0,5102.97,2008-06-01 00:00:00,d8261319-f5ff-4daa-8698-5a68c2141f61
113287,71938,798,5,0,3361.47,2008-06-01 00:00:00,e4931d3e-3865-45d5-ad17-1ecc69f8ed52
113288,71938,799,4,0,2689.176,2008-06-01 00:00:00,c9fcf326-d1b9-44a4-b29d-2d1888f6b0fd
113289,71938,864,4,0,152.4,2008-06-01 00:00:00,11e8e6a3-eb52-45ca-a51c-3f1fc7a2f272
113290,71938,714,2,0,59.988,2008-06-01 00:00:00,87a4ec8d-b4f3-4d27-b025-fc416d8cb7d0
113291,71938,999,4,0,1295.976,2008-06-01 00:00:00,2947ca98-a4f4-4554-b725-9c2cd3592916
113292,71938,998,5,0,1619.97,2008-06-01 00:00:00,2d0316bd-074d-4f2e-88a5-4e56f84562cd
113293,71938,877,6,0,28.62,2008-06-01 00:00:00,b3dd9942-1c2e-4b0e-9b30-dea600b36d0d
113294,71938,796,3,0,4398.03,2008-06-01 00:00:00,1618c9dc-78a0-4936-b89a-c2466681c11f
113295,71938,708,5,0,104.97,2008-06-01 00:00:00,964b3375-8ee7-46c6-8149-fb72fc2e267b
113296,71938,865,5,0,190.5,2008-06-01 00:00:00,97ae3231-5a4d-4988-9ee5-a33971aaf34d
113297,71938,738,3,0,606.996,2008-06-01 00:00:00,64ef2a38-a413-406e-a514-6cf142f25ac6
113298,71938,883,3,0,97.182,2008-06-01 00:00:00,2ddebb25-330d-4361-a774-ca44d29d1e05
113299,71938,997,3,0,971.982,2008-06-01 00:00:00,0acdeade-29a9-465d-923b-41cc21ecf57b
113300,71938,870,8,0,23.952,2008-06-01 00:00:00,efbd0f32-cacc-4429-9477-da43f9a04348
113301,71938,795,6,0,8796.06,2008-06-01 00:00:00,05a28311-9869-486b-ba7b-539517a25f97
113302,71938,874,4,0,21.576,2008-06-01 00:00:00,dd5e62b4-0457-457f-8307-82f5c1eee470
113303,71938,859,2,0,29.388,2008-06-01 00:00:00,e7c11996-8d83-4515-bfbd-7e380cdb6252
113304,71938,975,5,0,5102.97,2008-06-01 00:00:00,3304dca0-a7a4-43b5-99a2-8c810f7a7161
113305,71938,793,3,0,4398.03,2008-06-01 00:00:00,4b32e728-acdd-47f7-a2b0-1e4adc606e7f
113306,71938,797,5,0,3361.47,2008-06-01 00:00:00,cf099a40-bb51-40b1-9fe1-f47a0de2a342
113307,71938,880,7,0,230.958,2008-06-01 00:00:00,f003aed8-258b-4234-83bc-ef7516e5b90f
113308,71938,977,4,0,1295.976,2008-06-01 00:00:00,e295d970-dbb5-4962-aab5-c836a8953276
113309,71938,801,5,0,3361.47,2008-06-01 00:00:00,b80c355f-e9a2-4307-8ee0-3ab7f95c8542
113310,71938,794,7,0,10262.07,2008-06-01 00:00:00,4bc1ad3f-f801-49df-b805-6b67d52952ff
113311,71938,939,6,0,223.524,2008-06-01 00:00:00,729832fe-0fdc-449d-a720-f2a96e03b392
113312,71938,715,3,0,89.982,2008-06-01 00:00:00,64fbaaab-9400-4664-add7-97115b75b27b
113313,71938,881,1,0,32.394,2008-06-01 00:00:00,67d4e5d4-9629-49a6-a6e0-9e1c4cdee3de
113314,71938,875,2,0,10.788,2008-06-01 00:00:00,352d06e9-8456-4966-9c73-3f227b023962
113315,71938,800,3,0,2016.882,2008-06-01 00:00:00,78f73142-e566-453f-a2b9-88a0fcaf4552
113406,71946,916,1,0,31.584,2008-06-01 00:00:00,b571cee0-a90a-4e76-9796-379b55352a28
